Pitch (MIDI),Time (s),Intensity,Tag
73.0,0.05857491493225098,0.087582566,OK
61.0,0.11481094360351562,0.083829015,OK
75.0,0.15614104270935059,0.08953403,OK
73.0,0.1661362648010254,0.090720914,OK
61.0,0.1661362648010254,0.13163684,OK
71.0,0.17116880416870117,0.1352734,OK
50.0,0.1761319637298584,0.109642245,OK
50.0,0.18112635612487793,0.07295437,OK
50.0,0.19791340827941895,0.070915386,OK
50.0,0.21790766716003418,0.05197157,OK
50.0,0.24976682662963867,0.037712894,Suspicious
50.0,0.27263617515563965,0.03344726,Suspicious
50.0,0.2896614074707031,0.024947103,Suspicious
50.0,0.3196897506713867,0.021921972,Suspicious
50.0,0.33971595764160156,0.015546449,Suspicious
50.0,0.3596653938293457,0.010054947,Suspicious
50.0,0.38906121253967285,0.008468539,Suspicious
50.0,0.4096672534942627,0.004598226,Suspicious
50.0,0.4296233654022217,0.06410944,OK
55.0,0.4619903564453125,0.12852924,OK
43.0,0.4819796085357666,0.120707996,OK
43.0,0.4995710849761963,0.12760274,OK
55.0,0.5295839309692383,0.16340157,OK
55.0,0.5495326519012451,0.16806221,OK
55.0,0.5695617198944092,0.16413511,OK
55.0,0.5995941162109375,0.17596042,OK
55.0,0.619537353515625,0.19883071,OK
55.0,0.6395647525787354,0.19204056,OK
55.0,0.6695492267608643,0.18460324,OK
55.0,0.6895036697387695,0.17803569,OK
55.0,0.7094104290008545,0.18810925,OK
55.0,0.7393560409545898,0.20297937,OK
55.0,0.7593491077423096,0.14520162,OK
55.0,0.7793381214141846,0.09889488,OK
55.0,0.8093245029449463,0.16677383,OK
55.0,0.8293592929840088,0.16396432,OK
55.0,0.849306583404541,0.16438004,OK
55.0,0.8692924976348877,0.14915454,OK
55.0,0.899341344833374,0.14636992,OK
55.0,0.919309139251709,0.12881485,OK
55.0,0.9393360614776611,0.115151964,OK
55.0,0.9693219661712646,0.09386084,OK
55.0,0.9892725944519043,0.07131871,OK
55.0,1.009336233139038,0.05537563,OK
55.0,1.039323329925537,0.06666673,OK
55.0,1.059274435043335,0.034231033,Suspicious
55.0,1.0792655944824219,0.02360165,Suspicious
43.0,1.112365484237671,0.020991474,Suspicious
43.0,1.1297452449798584,0.021383423,Suspicious
55.0,1.1447434425354004,0.048365854,Suspicious
55.0,1.1788852214813232,0.07304166,OK
55.0,1.1994068622589111,0.058269907,OK
55.0,1.2193922996520996,0.061286997,OK
55.0,1.252303123474121,0.043520976,Suspicious
55.0,1.272247076034546,0.02972292,Suspicious
55.0,1.2921943664550781,0.028737312,Suspicious
55.0,1.3221137523651123,0.019582469,Suspicious
55.0,1.3410632610321045,0.011909646,Suspicious
55.0,1.3620071411132812,0.0112900175,Suspicious
55.0,1.3919272422790527,0.007788652,Suspicious
55.0,1.4118740558624268,0.0061908383,Suspicious
55.0,1.4318194389343262,0.0043943673,Suspicious
55.0,1.5019900798797607,0.0045133727,Suspicious
55.0,1.5219929218292236,0.005584607,Suspicious
55.0,1.5530807971954346,0.009015226,Suspicious
55.0,1.5720808506011963,0.006935409,Suspicious
55.0,1.5920586585998535,0.0051110713,Suspicious
55.0,1.6223907470703125,0.003972465,Suspicious
55.0,1.6424002647399902,0.0032192534,Suspicious
43.0,1.8519270420074463,0.013330532,Suspicious
57.0,1.8719136714935303,0.06048476,OK
57.0,1.8983545303344727,0.08309715,OK
57.0,1.9223213195800781,0.0645643,OK
57.0,1.9425768852233887,0.042970296,Suspicious
57.0,1.9727888107299805,0.042664915,Suspicious
57.0,1.992006778717041,0.03051181,Suspicious
57.0,2.0083112716674805,0.015879212,Suspicious
57.0,2.0385053157806396,0.0111947255,Suspicious
57.0,2.057810068130493,0.00929139,Suspicious
57.0,2.077805519104004,0.006623436,Suspicious
57.0,2.110381841659546,0.0056123394,Suspicious
57.0,2.132478952407837,0.004114435,Suspicious
57.0,2.1521952152252197,0.004879901,Suspicious
57.0,2.182194232940674,0.0033298964,Suspicious
45.0,2.221858263015747,0.005493181,Suspicious
55.0,2.2381746768951416,0.0071020173,Suspicious
55.0,2.2721753120422363,0.007657659,Suspicious
55.0,2.2921745777130127,0.006239023,Suspicious
43.0,2.3100674152374268,0.0051707616,Suspicious
43.0,2.3374125957489014,0.0038883176,Suspicious
53.0,2.692294120788574,0.0032317261,Suspicious
53.0,2.7103209495544434,0.0034004035,Suspicious
48.0,3.292083978652954,0.005297801,Suspicious
48.0,3.311601400375366,0.013411572,Suspicious
48.0,3.3378429412841797,0.021318179,Suspicious
48.0,3.362600803375244,0.022370474,Suspicious
48.0,3.377821207046509,0.022300677,Suspicious
48.0,3.412574052810669,0.02326609,Suspicious
48.0,3.431748390197754,0.018611101,Suspicious
48.0,3.4484362602233887,0.016507667,Suspicious
48.0,3.482722520828247,0.015140799,Suspicious
48.0,3.4979493618011475,0.0135803595,Suspicious
48.0,3.5215835571289062,0.012958566,Suspicious
48.0,3.5524513721466064,0.010664657,Suspicious
48.0,3.5724403858184814,0.0084047,Suspicious
48.0,3.592674732208252,0.005531235,Suspicious
48.0,3.612194299697876,0.0040606046,Suspicious
48.0,3.64241361618042,0.0036616744,Suspicious
62.0,3.962512254714966,0.008545328,Suspicious
55.0,3.9924962520599365,0.024062794,Suspicious
55.0,4.0124852657318115,0.022384843,Suspicious
55.0,4.031368732452393,0.013658634,Suspicious
55.0,4.062161207199097,0.007026374,Suspicious
55.0,4.082156181335449,0.004612564,Suspicious
55.0,4.097147464752197,0.0033903937,Suspicious
74.0,4.681997299194336,0.07066321,OK
74.0,4.711965799331665,0.13810186,OK
52.0,4.728647232055664,0.13062659,OK
52.0,4.748636722564697,0.14385304,OK
52.0,4.778618574142456,0.13528837,OK
52.0,4.798607587814331,0.108301,OK
52.0,4.81860613822937,0.12690982,OK
52.0,4.848810434341431,0.10618499,OK
52.0,4.868568420410156,0.09877325,OK
52.0,4.888556241989136,0.11058031,OK
52.0,4.918785095214844,0.08862358,OK
52.0,4.938765287399292,0.07263543,OK
52.0,4.958986520767212,0.0795146,OK
52.0,4.978978395462036,0.07697174,OK
52.0,5.012966871261597,0.0633942,OK
52.0,5.029164791107178,0.09582272,OK
52.0,5.049144506454468,0.111388355,OK
52.0,5.079137086868286,0.09721077,OK
52.0,5.099122762680054,0.11094069,OK
52.0,5.1220128536224365,0.09049966,OK
52.0,5.1521897315979,0.07623879,OK
52.0,5.172377109527588,0.05552759,OK
52.0,5.19237208366394,0.050253663,OK
52.0,5.219113349914551,0.049050573,Suspicious
52.0,5.239080429077148,0.040131863,Suspicious
52.0,5.259305477142334,0.03072249,Suspicious
52.0,5.289251804351807,0.034713782,Suspicious
52.0,5.309276819229126,0.031782277,Suspicious
52.0,5.330482006072998,0.02664168,Suspicious
52.0,5.360264539718628,0.025137892,Suspicious
52.0,5.380406141281128,0.04347218,Suspicious
52.0,5.398425340652466,0.055314325,OK
52.0,5.429149150848389,0.05304587,OK
52.0,5.449372291564941,0.050631214,OK
43.0,5.469364404678345,0.057590596,OK
52.0,5.502159118652344,0.06615228,OK
52.0,5.51963472366333,0.04934185,Suspicious
52.0,5.539610862731934,0.030335348,Suspicious
52.0,5.569828033447266,0.024737796,Suspicious
33.0,5.589812755584717,0.022510918,Suspicious
33.0,5.6098103523254395,0.018615492,Suspicious
33.0,5.6300437450408936,0.01688938,Suspicious
33.0,5.660029411315918,0.027383683,Suspicious
52.0,5.679672718048096,0.03361856,Suspicious
52.0,5.699659585952759,0.027009448,Suspicious
43.0,5.731698513031006,0.018687254,Suspicious
52.0,5.748260021209717,0.00959164,Suspicious
52.0,5.7724738121032715,0.0067926543,Suspicious
52.0,5.798582315444946,0.0051108575,Suspicious
40.0,5.820499420166016,0.0031909866,Suspicious
40.0,5.837928056716919,0.00455773,Suspicious
52.0,5.867903232574463,0.004823494,Suspicious
40.0,6.121580123901367,0.007644643,Suspicious
69.0,6.150527000427246,0.1356877,OK
69.0,6.170439004898071,0.14444438,OK
44.0,6.190669536590576,0.12996969,OK
69.0,6.221436023712158,0.10010492,OK
69.0,6.238004922866821,0.086027816,OK
69.0,6.257989406585693,0.073170215,OK
69.0,6.2922210693359375,0.055261835,OK
69.0,6.312035322189331,0.04658004,Suspicious
69.0,6.332252025604248,0.038995013,Suspicious
69.0,6.352932691574097,0.031893298,Suspicious
52.0,6.3823935985565186,0.035512023,Suspicious
48.0,6.4015421867370605,0.0419631,Suspicious
52.0,6.422297954559326,0.032407105,Suspicious
52.0,6.452330112457275,0.066557735,OK
52.0,6.472323894500732,0.062671155,OK
52.0,6.492334604263306,0.07304888,OK
52.0,6.522220134735107,0.07884707,OK
52.0,6.5423338413238525,0.057154816,OK
52.0,6.562389135360718,0.053159367,OK
52.0,6.592793941497803,0.041651428,Suspicious
52.0,6.608260869979858,0.032315936,Suspicious
52.0,6.631728649139404,0.025502885,Suspicious
52.0,6.658299922943115,0.021132918,Suspicious
52.0,6.682325124740601,0.023806164,Suspicious
52.0,6.702318906784058,0.026537577,Suspicious
52.0,6.731903553009033,0.018201334,Suspicious
52.0,6.751948833465576,0.019760994,Suspicious
52.0,6.772258043289185,0.02115322,Suspicious
52.0,6.802329778671265,0.03152482,Suspicious
52.0,6.82234787940979,0.031622544,Suspicious
52.0,6.840370416641235,0.03182449,Suspicious
33.0,6.870605707168579,0.036355782,Suspicious
52.0,6.89236855506897,0.056240663,OK
52.0,6.912600755691528,0.058314797,OK
52.0,6.940535545349121,0.037329335,Suspicious
52.0,6.960324048995972,0.02174187,Suspicious
52.0,6.980428457260132,0.018075155,Suspicious
33.0,7.0019850730896,0.01594638,Suspicious
38.0,7.030499696731567,0.015039383,Suspicious
52.0,7.052281856536865,0.018442666,Suspicious
33.0,7.07308030128479,0.03672447,Suspicious
52.0,7.102151870727539,0.041415438,Suspicious
52.0,7.121893644332886,0.021715995,Suspicious
52.0,7.1382997035980225,0.01437215,Suspicious
52.0,7.171205997467041,0.012064218,Suspicious
77.0,7.192567586898804,0.0087985145,Suspicious
77.0,7.2079925537109375,0.008571525,Suspicious
40.0,7.237870931625366,0.00558831,Suspicious
40.0,7.258259057998657,0.010465627,Suspicious
52.0,7.278248071670532,0.011674542,Suspicious
52.0,7.308230876922607,0.0092207445,Suspicious
52.0,7.332235813140869,0.0035441625,Suspicious
40.0,7.537621259689331,0.035399627,Suspicious
69.0,7.5579118728637695,0.08017378,OK
69.0,7.592732667922974,0.072604604,OK
69.0,7.610533714294434,0.09027195,OK
40.0,7.628057479858398,0.10896564,OK
69.0,7.658258438110352,0.09955933,OK
69.0,7.682263374328613,0.08169383,OK
69.0,7.702276706695557,0.09021583,OK
69.0,7.717522621154785,0.09084269,OK
48.0,7.752701759338379,0.068236455,OK
48.0,7.772387266159058,0.052528325,OK
48.0,7.788434982299805,0.065186426,OK
48.0,7.822177171707153,0.06739079,OK
48.0,7.841174840927124,0.06549577,OK
48.0,7.860086917877197,0.10150615,OK
36.0,7.892857313156128,0.12057008,OK
36.0,7.908076763153076,0.13686198,OK
55.0,7.929116487503052,0.13415752,OK
36.0,7.9593000411987305,0.13272138,OK
36.0,7.979282379150391,0.12696002,OK
55.0,7.999270439147949,0.11649325,OK
36.0,8.029017686843872,0.11296584,OK
36.0,8.049246311187744,0.11156837,OK
55.0,8.072081327438354,0.101856425,OK
55.0,8.102173566818237,0.091800064,OK
55.0,8.122287273406982,0.09210489,OK
55.0,8.142263889312744,0.084091574,OK
55.0,8.170270681381226,0.08619404,OK
55.0,8.190439701080322,0.07765968,OK
55.0,8.21039628982544,0.08671555,OK
43.0,8.239425659179688,0.093393624,OK
43.0,8.259437084197998,0.09430888,OK
43.0,8.2794189453125,0.10129684,OK
43.0,8.309391021728516,0.07682636,OK
43.0,8.329707622528076,0.053280372,OK
43.0,8.349915027618408,0.037490647,Suspicious
43.0,8.369895935058594,0.02628029,Suspicious
43.0,8.399883508682251,0.021835843,Suspicious
43.0,8.41986608505249,0.022176016,Suspicious
43.0,8.442789554595947,0.01784246,Suspicious
43.0,8.468006372451782,0.010496675,Suspicious
43.0,8.487776041030884,0.0059194323,Suspicious
43.0,8.50795865058899,0.0046512615,Suspicious
43.0,8.542356729507446,0.0048989756,Suspicious
43.0,8.562355756759644,0.05465513,OK
50.0,8.582339763641357,0.1149228,OK
50.0,8.612325429916382,0.13540837,OK
50.0,8.630581378936768,0.118517146,OK
50.0,8.650310754776001,0.11378003,OK
50.0,8.680631875991821,0.09401923,OK
50.0,8.69777250289917,0.101026386,OK
50.0,8.717928647994995,0.098193325,OK
50.0,8.750239372253418,0.091791555,OK
50.0,8.770337104797363,0.08792882,OK
50.0,8.792742490768433,0.08119395,OK
50.0,8.817930936813354,0.08218982,OK
50.0,8.841151237487793,0.06872166,OK
50.0,8.86018419265747,0.056795992,OK
50.0,8.88746166229248,0.046252258,Suspicious
50.0,8.912498474121094,0.108709306,OK
69.0,8.932608127593994,0.15070055,OK
69.0,8.956163883209229,0.14837782,OK
69.0,8.979674577713013,0.14968486,OK
69.0,8.997723579406738,0.15869254,OK
69.0,9.030797958374023,0.16100338,OK
69.0,9.052673101425171,0.16860206,OK
69.0,9.06810712814331,0.1643385,OK
69.0,9.092868089675903,0.15893099,OK
68.0,9.121248960494995,0.16054812,OK
68.0,9.142465114593506,0.1455123,OK
68.0,9.160521268844604,0.12821609,OK
68.0,9.190059661865234,0.117085055,OK
68.0,9.205018043518066,0.12404992,OK
68.0,9.231077194213867,0.12924254,OK
48.0,9.260170936584473,0.10514622,OK
48.0,9.280123233795166,0.10503269,OK
48.0,9.300113439559937,0.0963835,OK
48.0,9.331199407577515,0.09078918,OK
48.0,9.350240468978882,0.08073643,OK
48.0,9.37022876739502,0.088757515,OK
48.0,9.400153398513794,0.07274538,OK
48.0,9.421441555023193,0.07166579,OK
48.0,9.441428422927856,0.06462897,OK
48.0,9.472167015075684,0.05307584,OK
48.0,9.489213705062866,0.046518855,Suspicious
48.0,9.509243726730347,0.02496564,Suspicious
48.0,9.540262460708618,0.019595807,Suspicious
36.0,9.560181856155396,0.014227537,Suspicious
48.0,9.580168008804321,0.007285579,Suspicious
48.0,9.610177278518677,0.015302304,Suspicious
36.0,9.631916761398315,0.03135856,Suspicious
43.0,9.652398824691772,0.042221397,Suspicious
43.0,9.682393312454224,0.03351367,Suspicious
43.0,9.702372074127197,0.029184202,Suspicious
43.0,9.722361087799072,0.021876212,Suspicious
43.0,9.740388631820679,0.012172674,Suspicious
43.0,9.771647930145264,0.008814829,Suspicious
43.0,9.79159426689148,0.007633001,Suspicious
43.0,9.810186624526978,0.0051830835,Suspicious
43.0,10.300230026245117,0.003536781,Suspicious
81.0,10.330243587493896,0.11926015,OK
53.0,10.349847316741943,0.13841939,OK
53.0,10.369971513748169,0.14294215,OK
53.0,10.38992691040039,0.14568229,OK
53.0,10.420149087905884,0.13086686,OK
53.0,10.440195798873901,0.13503024,OK
53.0,10.460255861282349,0.13994159,OK
53.0,10.490201473236084,0.13841064,OK
53.0,10.510191440582275,0.15036124,OK
53.0,10.532251358032227,0.15880781,OK
53.0,10.562016725540161,0.14871387,OK
53.0,10.582004308700562,0.16920748,OK
53.0,10.60199522972107,0.17215973,OK
53.0,10.631978750228882,0.17852405,OK
53.0,10.649980306625366,0.17469576,OK
53.0,10.669894456863403,0.16664238,OK
53.0,10.699875354766846,0.15730168,OK
53.0,10.71986436843872,0.15618715,OK
53.0,10.739871978759766,0.15148622,OK
53.0,10.769850730895996,0.15240413,OK
53.0,10.784841299057007,0.14953752,OK
53.0,10.812576532363892,0.15378796,OK
53.0,10.839751958847046,0.15920983,OK
53.0,10.859731674194336,0.15816358,OK
53.0,10.879751682281494,0.16904432,OK
53.0,10.909704685211182,0.17110255,OK
53.0,10.929693937301636,0.17684948,OK
53.0,10.949695825576782,0.17270441,OK
53.0,10.979676723480225,0.17449221,OK
53.0,10.999703884124756,0.17876278,OK
53.0,11.019654273986816,0.16614333,OK
53.0,11.050147294998169,0.14121042,OK
53.0,11.07013726234436,0.13600124,OK
53.0,11.09012484550476,0.13763185,OK
53.0,11.111961841583252,0.13923447,OK
53.0,11.139829635620117,0.13967659,OK
53.0,11.15980863571167,0.14319386,OK
53.0,11.17979907989502,0.14776315,OK
53.0,11.209782600402832,0.15172732,OK
53.0,11.229775667190552,0.15987353,OK
53.0,11.249712944030762,0.16092394,OK
53.0,11.281668424606323,0.16077776,OK
53.0,11.301609516143799,0.17653549,OK
53.0,11.321696996688843,0.17456049,OK
53.0,11.35232925415039,0.16682185,OK
53.0,11.372426271438599,0.18068382,OK
53.0,11.391321659088135,0.15574245,OK
53.0,11.422622680664062,0.14905034,OK
53.0,11.441890239715576,0.1502875,OK
53.0,11.46266222000122,0.14669837,OK
53.0,11.492778301239014,0.14590067,OK
53.0,11.512624740600586,0.15085807,OK
53.0,11.532654523849487,0.15252386,OK
53.0,11.562884330749512,0.15427995,OK
53.0,11.582756519317627,0.1601774,OK
53.0,11.602539777755737,0.16293421,OK
53.0,11.627784729003906,0.15979183,OK
53.0,11.65046739578247,0.17289266,OK
53.0,11.670206069946289,0.17146105,OK
53.0,11.700471639633179,0.17442535,OK
53.0,11.720426797866821,0.18371688,OK
53.0,11.741568326950073,0.13072865,OK
53.0,11.761797189712524,0.121321894,OK
53.0,11.792327404022217,0.1270479,OK
53.0,11.810292482376099,0.12928505,OK
53.0,11.832781791687012,0.12957637,OK
41.0,11.861980438232422,0.13348871,OK
41.0,11.882005453109741,0.13928322,OK
41.0,11.902000665664673,0.13907038,OK
41.0,11.931983947753906,0.1475951,OK
41.0,11.950407266616821,0.15061142,OK
41.0,11.972021341323853,0.14929973,OK
41.0,12.002003908157349,0.15800704,OK
41.0,12.021994829177856,0.16375089,OK
41.0,12.041984558105469,0.17259927,OK
41.0,12.07255482673645,0.17772253,OK
41.0,12.092543125152588,0.16281837,OK
41.0,12.112764596939087,0.15318035,OK
52.0,12.14178991317749,0.15010644,OK
52.0,12.160490036010742,0.16399834,OK
52.0,12.18048095703125,0.16015904,OK
52.0,12.210011005401611,0.15785316,OK
52.0,12.230201959609985,0.16125885,OK
52.0,12.250438690185547,0.16967767,OK
52.0,12.28013300895691,0.16664968,OK
52.0,12.297506332397461,0.16543932,OK
52.0,12.322263240814209,0.16298738,OK
52.0,12.35043740272522,0.16779232,OK
52.0,12.37122368812561,0.14695556,OK
52.0,12.392494916915894,0.13874944,OK
52.0,12.417697668075562,0.10628597,OK
52.0,12.441834449768066,0.1429712,OK
52.0,12.460345268249512,0.13518758,OK
52.0,12.477816581726074,0.13564518,OK
52.0,12.512564420700073,0.13991673,OK
52.0,12.532552480697632,0.14381957,OK
52.0,12.551994323730469,0.14263542,OK
52.0,12.581982135772705,0.14787436,OK
52.0,12.601971626281738,0.15191098,OK
52.0,12.62196159362793,0.1536881,OK
52.0,12.65171194076538,0.15462081,OK
52.0,12.667888641357422,0.1594433,OK
52.0,12.692867755889893,0.1583117,OK
52.0,12.71805715560913,0.16117857,OK
52.0,12.738119125366211,0.16436861,OK
52.0,12.760453224182129,0.16208379,OK
52.0,12.792326927185059,0.14810432,OK
52.0,12.807523012161255,0.1450151,OK
52.0,12.83230471611023,0.13638392,OK
52.0,12.862288475036621,0.14524396,OK
52.0,12.88227891921997,0.14676818,OK
52.0,12.902268648147583,0.14899673,OK
52.0,12.932252407073975,0.14850724,OK
52.0,12.952471494674683,0.14728259,OK
52.0,12.972462177276611,0.15497752,OK
52.0,13.002447128295898,0.15433663,OK
52.0,13.022435188293457,0.15388483,OK
52.0,13.037430763244629,0.15451749,OK
52.0,13.067875146865845,0.15192053,OK
52.0,13.092654466629028,0.1503378,OK
52.0,13.111537218093872,0.1545856,OK
52.0,13.130503177642822,0.1511398,OK
52.0,13.162085771560669,0.12835182,OK
52.0,13.181766033172607,0.1197918,OK
52.0,13.20252537727356,0.12345371,OK
52.0,13.228119850158691,0.1287879,OK
52.0,13.252527475357056,0.12829001,OK
52.0,13.272513628005981,0.1272968,OK
52.0,13.302550554275513,0.13764931,OK
52.0,13.31800651550293,0.13615394,OK
52.0,13.342005491256714,0.141367,OK
52.0,13.371187210083008,0.15095267,OK
52.0,13.39063310623169,0.14381436,OK
52.0,13.410578966140747,0.13843322,OK
52.0,13.437345743179321,0.15262128,OK
52.0,13.458176136016846,0.14950436,OK
52.0,13.478176355361938,0.14592853,OK
52.0,13.508159160614014,0.14403704,OK
52.0,13.532915115356445,0.13751653,OK
50.0,13.548162937164307,0.13186562,OK
50.0,13.578366756439209,0.14712182,OK
50.0,13.59835410118103,0.1443162,OK
50.0,13.618337154388428,0.16233955,OK
50.0,13.648566007614136,0.14909802,OK
50.0,13.668777704238892,0.16667137,OK
50.0,13.69154167175293,0.18465133,OK
50.0,13.718034505844116,0.18640746,OK
50.0,13.742790699005127,0.18224561,OK
50.0,13.758795261383057,0.19120453,OK
50.0,13.788769721984863,0.19915833,OK
50.0,13.808766603469849,0.16349705,OK
50.0,13.828600883483887,0.12327004,OK
50.0,13.848573207855225,0.15855065,OK
50.0,13.878740072250366,0.15481462,OK
50.0,13.898722410202026,0.16360289,OK
50.0,13.918704986572266,0.17188768,OK
50.0,13.948683023452759,0.16860147,OK
50.0,13.968863010406494,0.17716496,OK
50.0,13.9896399974823,0.1696096,OK
50.0,14.018065452575684,0.12243923,OK
50.0,14.038085699081421,0.079316586,OK
50.0,14.058963537216187,0.052929368,OK
50.0,14.088942527770996,0.045485724,Suspicious
50.0,14.112305641174316,0.04178707,Suspicious
50.0,14.13283920288086,0.031959146,Suspicious
50.0,14.159457921981812,0.021626696,Suspicious
50.0,14.179448366165161,0.016312934,Suspicious
50.0,14.199437141418457,0.07852872,OK
52.0,14.229411363601685,0.1308797,OK
52.0,14.249459743499756,0.14066751,OK
52.0,14.269617319107056,0.13691574,OK
52.0,14.298017740249634,0.13911505,OK
52.0,14.318002700805664,0.14187038,OK
52.0,14.342788696289062,0.13768983,OK
52.0,14.369724035263062,0.14097212,OK
52.0,14.389714479446411,0.13734868,OK
52.0,14.40950870513916,0.12423822,OK
52.0,14.441366910934448,0.12017694,OK
52.0,14.462737083435059,0.11590079,OK
52.0,14.477951765060425,0.10490408,OK
52.0,14.502119779586792,0.08882976,OK
52.0,14.532151937484741,0.082445726,OK
52.0,14.549800872802734,0.097022414,OK
52.0,14.572020769119263,0.11264261,OK
72.0,14.602011442184448,0.11058986,OK
72.0,14.622003555297852,0.11612251,OK
31.0,14.642003297805786,0.11062879,OK
31.0,14.670275926589966,0.09480048,OK
43.0,14.69191861152649,0.07929292,OK
31.0,14.712834358215332,0.07126596,OK
31.0,14.737864971160889,0.06672683,OK
31.0,14.760421991348267,0.062184423,OK
31.0,14.777461051940918,0.054624077,OK
31.0,14.812440395355225,0.04421095,Suspicious
31.0,14.832430839538574,0.041187316,Suspicious
31.0,14.850460052490234,0.040978786,Suspicious
31.0,14.881376266479492,0.039110474,Suspicious
31.0,14.902687072753906,0.030215548,Suspicious
31.0,14.922675848007202,0.019074641,Suspicious
31.0,14.950587272644043,0.013075618,Suspicious
31.0,14.970119953155518,0.0106247235,Suspicious
31.0,14.99183177947998,0.007967964,Suspicious
31.0,15.021782636642456,0.0053484035,Suspicious
31.0,15.041770935058594,0.0036807214,Suspicious
31.0,15.252491235733032,0.004089384,Suspicious
55.0,15.27015733718872,0.11717689,OK
55.0,15.292989730834961,0.13170429,OK
55.0,15.322193622589111,0.14482868,OK
55.0,15.342188835144043,0.15662071,OK
55.0,15.362178087234497,0.17354253,OK
55.0,15.392164707183838,0.18182746,OK
55.0,15.412150621414185,0.19684939,OK
55.0,15.43214201927185,0.2147567,OK
55.0,15.457462549209595,0.229432,OK
55.0,15.482410669326782,0.21744649,OK
55.0,15.502403497695923,0.2092,OK
55.0,15.532386302947998,0.20019037,OK
55.0,15.552375793457031,0.19342516,OK
55.0,15.570136547088623,0.19519131,OK
55.0,15.602281093597412,0.18123372,OK
55.0,15.617568492889404,0.16991386,OK
55.0,15.641887187957764,0.15710516,OK
55.0,15.67286229133606,0.14689903,OK
55.0,15.692852020263672,0.12479114,OK
55.0,15.712111473083496,0.10412441,OK
55.0,15.742104053497314,0.08630878,OK
55.0,15.758402109146118,0.06698795,OK
67.0,15.782453298568726,0.051354654,OK
67.0,15.81249713897705,0.038578764,Suspicious
67.0,15.82799220085144,0.028252149,Suspicious
67.0,15.84825873374939,0.020798724,Suspicious
67.0,15.868613719940186,0.012758237,Suspicious
67.0,15.89801836013794,0.004746287,Suspicious
80.0,15.972297668457031,0.08778323,OK
48.0,15.992332935333252,0.1289409,OK
48.0,16.011377811431885,0.13245052,OK
40.0,16.041898488998413,0.12419395,OK
40.0,16.059438467025757,0.13218255,OK
40.0,16.08262801170349,0.13549164,OK
40.0,16.110700368881226,0.14144403,OK
68.0,16.132452726364136,0.14141305,OK
68.0,16.15200710296631,0.14611076,OK
68.0,16.179457426071167,0.14988114,OK
68.0,16.199679851531982,0.14106853,OK
52.0,16.219674110412598,0.15501186,OK
52.0,16.24814534187317,0.1556634,OK
48.0,16.269490957260132,0.15676261,OK
48.0,16.292683124542236,0.15666392,OK
48.0,16.32160472869873,0.14977306,OK
48.0,16.341550588607788,0.141684,OK
52.0,16.361499786376953,0.14248689,OK
52.0,16.391417741775513,0.14649568,OK
52.0,16.412362098693848,0.13986924,OK
52.0,16.431345224380493,0.14495541,OK
52.0,16.461267709732056,0.15176709,OK
52.0,16.4811794757843,0.14323021,OK
52.0,16.50212335586548,0.14497033,OK
52.0,16.532041549682617,0.14645791,OK
52.0,16.551990509033203,0.14502405,OK
52.0,16.571937322616577,0.15132366,OK
52.0,16.591883182525635,0.14063793,OK
52.0,16.6152184009552,0.14346625,OK
52.0,16.63981342315674,0.14766064,OK
52.0,16.660860300064087,0.13835476,OK
52.0,16.689886331558228,0.13560626,OK
52.0,16.710317373275757,0.12790851,OK
52.0,16.732235431671143,0.12456094,OK
52.0,16.76075553894043,0.12710027,OK
52.0,16.780256986618042,0.1342621,OK
52.0,16.800248384475708,0.13755958,OK
52.0,16.83023500442505,0.14288127,OK
52.0,16.850069761276245,0.1334933,OK
52.0,16.86999750137329,0.13169836,OK
52.0,16.89986252784729,0.14725882,OK
52.0,16.91985249519348,0.14443192,OK
52.0,16.939844369888306,0.14706881,OK
52.0,16.96987771987915,0.14791153,OK
40.0,16.989868879318237,0.14186317,OK
40.0,17.009893894195557,0.14649963,OK
40.0,17.039841890335083,0.13265091,OK
40.0,17.060866117477417,0.12563208,OK
40.0,17.079817295074463,0.053730514,OK
52.0,17.11151885986328,0.04934196,Suspicious
52.0,17.13149356842041,0.029065695,Suspicious
52.0,17.151482582092285,0.019945374,Suspicious
40.0,17.1800434589386,0.015538758,Suspicious
52.0,17.200034618377686,0.005463659,Suspicious
52.0,17.22002339363098,0.004150718,Suspicious
52.0,17.240007877349854,0.0040224106,Suspicious
80.0,17.37990140914917,0.09967261,OK
52.0,17.40992259979248,0.12082757,OK
40.0,17.4299099445343,0.11980317,OK
52.0,17.44994306564331,0.1292682,OK
52.0,17.479838132858276,0.13300487,OK
40.0,17.49804449081421,0.14299981,OK
40.0,17.522042989730835,0.1421173,OK
40.0,17.552031993865967,0.13663885,OK
68.0,17.56985116004944,0.14466484,OK
68.0,17.592183828353882,0.14706124,OK
68.0,17.622166633605957,0.13918893,OK
52.0,17.642157793045044,0.14854737,OK
52.0,17.661097288131714,0.15621027,OK
68.0,17.69224214553833,0.15291552,OK
52.0,17.712249279022217,0.15385333,OK
48.0,17.732243537902832,0.14786337,OK
52.0,17.761943817138672,0.13308571,OK
52.0,17.78240966796875,0.13575982,OK
52.0,17.797641038894653,0.1352877,OK
52.0,17.827640056610107,0.13220513,OK
52.0,17.8516685962677,0.13439417,OK
52.0,17.870179414749146,0.14933886,OK
52.0,17.902291536331177,0.15082265,OK
52.0,17.922285318374634,0.14934517,OK
52.0,17.942275762557983,0.1506694,OK
52.0,17.961753129959106,0.1558767,OK
52.0,17.992061614990234,0.14893457,OK
52.0,18.012051820755005,0.15339929,OK
52.0,18.0320405960083,0.15876307,OK
52.0,18.06202483177185,0.15115881,OK
52.0,18.08009910583496,0.1385017,OK
52.0,18.098378896713257,0.12565365,OK
52.0,18.13222336769104,0.11650806,OK
52.0,18.148606777191162,0.124195956,OK
52.0,18.165446281433105,0.12549196,OK
52.0,18.202531814575195,0.1330663,OK
52.0,18.21775984764099,0.13585202,OK
52.0,18.242515087127686,0.1441131,OK
52.0,18.27030634880066,0.15157211,OK
52.0,18.287994384765625,0.14598055,OK
52.0,18.31275486946106,0.14952427,OK
52.0,18.338010549545288,0.15561701,OK
52.0,18.3620662689209,0.15442713,OK
52.0,18.38021683692932,0.14807217,OK
52.0,18.412264585494995,0.13421892,OK
52.0,18.432273387908936,0.14055224,OK
52.0,18.447444200515747,0.08216905,OK
52.0,18.481891632080078,0.07383131,OK
52.0,18.50207281112671,0.026633117,Suspicious
52.0,18.522102117538452,0.028800791,Suspicious
52.0,18.552149534225464,0.0160893,Suspicious
52.0,18.57216167449951,0.009975331,Suspicious
52.0,18.592167615890503,0.010757018,Suspicious
52.0,18.61216378211975,0.0054346523,Suspicious
52.0,18.782344341278076,0.004212537,Suspicious
59.0,18.802298069000244,0.11472126,OK
40.0,18.82264542579651,0.12486354,OK
40.0,18.85264539718628,0.12622544,OK
40.0,18.869539976119995,0.13351206,OK
40.0,18.892817735671997,0.1394897,OK
40.0,18.9179949760437,0.14755248,OK
40.0,18.938286781311035,0.14521371,OK
40.0,18.958297729492188,0.14723355,OK
40.0,18.988357305526733,0.15162212,OK
40.0,19.00849151611328,0.14806716,OK
52.0,19.02848768234253,0.1475388,OK
52.0,19.062496185302734,0.15182507,OK
52.0,19.078463554382324,0.15394133,OK
68.0,19.099667072296143,0.15711491,OK
52.0,19.130295753479004,0.14764345,OK
52.0,19.150291442871094,0.13992134,OK
52.0,19.168505907058716,0.12459708,OK
55.0,19.198713541030884,0.13469377,OK
55.0,19.218689680099487,0.13803338,OK
55.0,19.238691329956055,0.15321934,OK
55.0,19.268680572509766,0.15867014,OK
55.0,19.291388273239136,0.16560544,OK
55.0,19.308152675628662,0.17026836,OK
55.0,19.3281512260437,0.17925288,OK
55.0,19.358135223388672,0.17671448,OK
55.0,19.37901544570923,0.18546511,OK
55.0,19.399033308029175,0.19070943,OK
55.0,19.431833028793335,0.19730458,OK
55.0,19.45269536972046,0.21154504,OK
60.0,19.46916174888611,0.21567935,OK
60.0,19.502153158187866,0.16272281,OK
60.0,19.52216148376465,0.1421103,OK
43.0,19.54215145111084,0.13870442,OK
43.0,19.569538354873657,0.14070094,OK
43.0,19.58972954750061,0.1303422,OK
43.0,19.607786893844604,0.1318929,OK
43.0,19.642801523208618,0.10795131,OK
43.0,19.65825343132019,0.087152,OK
43.0,19.681374311447144,0.069343455,OK
43.0,19.71196460723877,0.06481433,OK
43.0,19.731988191604614,0.042314388,Suspicious
43.0,19.751951694488525,0.025698347,Suspicious
43.0,19.781709909439087,0.01593157,Suspicious
43.0,19.798181772232056,0.008264087,Suspicious
43.0,19.821964025497437,0.005520061,Suspicious
43.0,19.85201597213745,0.06911235,OK
50.0,19.869856119155884,0.12172901,OK
50.0,19.89211368560791,0.120537415,OK
50.0,19.922104120254517,0.11996453,OK
50.0,19.942098379135132,0.12323272,OK
50.0,19.962084531784058,0.12647054,OK
50.0,19.980077266693115,0.12839559,OK
50.0,20.01213049888611,0.14154565,OK
50.0,20.032146215438843,0.14290312,OK
50.0,20.05213499069214,0.14875956,OK
50.0,20.079883575439453,0.15102318,OK
50.0,20.10192370414734,0.15042555,OK
50.0,20.11998677253723,0.15986958,OK
50.0,20.1518657207489,0.14709242,OK
50.0,20.169951915740967,0.15290347,OK
50.0,20.191782474517822,0.12878467,OK
50.0,20.217971324920654,0.11850067,OK
50.0,20.237958431243896,0.12538432,OK
40.0,20.262746334075928,0.123009175,OK
40.0,20.292241096496582,0.12805992,OK
40.0,20.312230825424194,0.13332891,OK
40.0,20.33225703239441,0.14053176,OK
40.0,20.362297773361206,0.13989651,OK
40.0,20.38234305381775,0.14242624,OK
40.0,20.40234136581421,0.14715903,OK
40.0,20.43259572982788,0.14407596,OK
52.0,20.452587604522705,0.14124939,OK
52.0,20.470011234283447,0.1470712,OK
52.0,20.500005960464478,0.1523012,OK
52.0,20.522003889083862,0.15117228,OK
52.0,20.54201602935791,0.1439079,OK
52.0,20.570181608200073,0.1490147,OK
52.0,20.592376708984375,0.15653123,OK
52.0,20.61262321472168,0.14902294,OK
52.0,20.63262152671814,0.14701225,OK
52.0,20.65783429145813,0.15390158,OK
52.0,20.682539463043213,0.16052072,OK
48.0,20.69753623008728,0.14382617,OK
48.0,20.732521533966064,0.11944711,OK
48.0,20.752521514892578,0.09756194,OK
36.0,20.770716905593872,0.09993547,OK
36.0,20.802303552627563,0.06516212,OK
36.0,20.822290182113647,0.042580552,Suspicious
36.0,20.842280626296997,0.045313142,Suspicious
36.0,20.87104845046997,0.027481586,Suspicious
36.0,20.892524003982544,0.03317,Suspicious
90.0,20.912571668624878,0.13116296,OK
91.0,20.941701412200928,0.13439302,OK
43.0,20.95807194709778,0.122854695,OK
43.0,20.980287313461304,0.11365992,OK
43.0,21.012603759765625,0.106311284,OK
43.0,21.027823448181152,0.08772584,OK
43.0,21.048148155212402,0.08610052,OK
43.0,21.080553770065308,0.0719878,OK
43.0,21.102894067764282,0.044730764,Suspicious
43.0,21.11980652809143,0.037058465,Suspicious
43.0,21.150029182434082,0.019548945,Suspicious
43.0,21.170532703399658,0.009869032,Suspicious
43.0,21.191353797912598,0.0050263,Suspicious
79.0,21.612671613693237,0.09358943,OK
80.0,21.630271196365356,0.12526366,OK
53.0,21.657951593399048,0.12743051,OK
53.0,21.68048071861267,0.13601775,OK
53.0,21.702669143676758,0.13435103,OK
53.0,21.7283833026886,0.12792622,OK
53.0,21.74814009666443,0.13560487,OK
53.0,21.7723605632782,0.13386925,OK
53.0,21.80029821395874,0.14527285,OK
53.0,21.822479248046875,0.15322444,OK
53.0,21.837714195251465,0.13717552,OK
53.0,21.86931300163269,0.15626746,OK
53.0,21.891581773757935,0.16375042,OK
53.0,21.910362482070923,0.15838175,OK
53.0,21.94039559364319,0.16985317,OK
53.0,21.96250867843628,0.16510868,OK
53.0,21.982504844665527,0.1529394,OK
53.0,22.000375270843506,0.14764877,OK
53.0,22.03240180015564,0.14390385,OK
53.0,22.05239248275757,0.14263666,OK
53.0,22.07238507270813,0.14222579,OK
53.0,22.097593307495117,0.14650348,OK
53.0,22.121631145477295,0.14858426,OK
53.0,22.141440391540527,0.1469156,OK
53.0,22.172481536865234,0.15760235,OK
53.0,22.19168210029602,0.15810202,OK
53.0,22.20779323577881,0.1645647,OK
53.0,22.237677097320557,0.16239192,OK
53.0,22.257704496383667,0.16077814,OK
53.0,22.277883768081665,0.16481015,OK
53.0,22.307509422302246,0.15586062,OK
53.0,22.3322696685791,0.13529642,OK
53.0,22.352258682250977,0.13074037,OK
53.0,22.382243871688843,0.13533783,OK
53.0,22.40157437324524,0.13739744,OK
53.0,22.422425985336304,0.13109815,OK
53.0,22.452409982681274,0.1421215,OK
53.0,22.47239851951599,0.14711092,OK
53.0,22.4906587600708,0.1409277,OK
53.0,22.517656087875366,0.15200914,OK
53.0,22.54242491722107,0.15899494,OK
53.0,22.562413930892944,0.1548297,OK
53.0,22.59249186515808,0.16792324,OK
53.0,22.612486362457275,0.15680444,OK
53.0,22.632477283477783,0.15507501,OK
53.0,22.657684326171875,0.16525182,OK
53.0,22.68220353126526,0.1522002,OK
53.0,22.702375411987305,0.14767705,OK
53.0,22.722370147705078,0.15050788,OK
53.0,22.752944231033325,0.15231073,OK
53.0,22.77263641357422,0.14734566,OK
53.0,22.792994260787964,0.14672436,OK
53.0,22.822291135787964,0.15396295,OK
53.0,22.842323064804077,0.15266564,OK
53.0,22.857774257659912,0.15843497,OK
53.0,22.890511751174927,0.16871752,OK
53.0,22.912522077560425,0.16374528,OK
53.0,22.932756185531616,0.16820246,OK
53.0,22.96200442314148,0.16848616,OK
53.0,22.982043027877808,0.16582032,OK
53.0,23.00203037261963,0.1629602,OK
53.0,23.03201413154602,0.1336014,OK
53.0,23.052003622055054,0.110689454,OK
53.0,23.071993350982666,0.116436176,OK
53.0,23.102309703826904,0.11852682,OK
53.0,23.12154507637024,0.12561637,OK
29.0,23.14142370223999,0.12656112,OK
29.0,23.172472953796387,0.13294046,OK
29.0,23.192519903182983,0.13343358,OK
41.0,23.212519884109497,0.1316685,OK
29.0,23.24250316619873,0.13552985,OK
41.0,23.2577121257782,0.14111796,OK
41.0,23.282472848892212,0.14541082,OK
41.0,23.31266188621521,0.14549261,OK
41.0,23.332637071609497,0.1501049,OK
41.0,23.352627277374268,0.15733139,OK
41.0,23.36784815788269,0.14425705,OK
41.0,23.402700901031494,0.14523797,OK
52.0,23.41791558265686,0.14360122,OK
52.0,23.437905073165894,0.14241265,OK
52.0,23.469096660614014,0.15203412,OK
52.0,23.492700338363647,0.14947101,OK
52.0,23.512691259384155,0.14623778,OK
52.0,23.53790855407715,0.15475835,OK
52.0,23.56266498565674,0.15063697,OK
52.0,23.577887535095215,0.14683044,OK
52.0,23.60835289955139,0.14916845,OK
52.0,23.6323504447937,0.15707102,OK
52.0,23.652642011642456,0.14977293,OK
52.0,23.682644844055176,0.14332277,OK
52.0,23.69854426383972,0.12829426,OK
52.0,23.718544960021973,0.12511973,OK
52.0,23.748002767562866,0.13538681,OK
52.0,23.767789125442505,0.13624902,OK
52.0,23.78880786895752,0.14078198,OK
52.0,23.819019556045532,0.1431215,OK
52.0,23.83900761604309,0.14164047,OK
52.0,23.858983755111694,0.14677976,OK
52.0,23.88936686515808,0.14710224,OK
52.0,23.90953016281128,0.1449258,OK
52.0,23.92953109741211,0.14723234,OK
52.0,23.962326526641846,0.15128684,OK
52.0,23.977537870407104,0.14980641,OK
52.0,23.999711990356445,0.15946382,OK
52.0,24.029465913772583,0.15764417,OK
52.0,24.049681901931763,0.14271756,OK
40.0,24.06944465637207,0.14683436,OK
52.0,24.089811325073242,0.15647484,OK
52.0,24.119444370269775,0.14819515,OK
52.0,24.13966941833496,0.14947273,OK
52.0,24.157753705978394,0.15098374,OK
52.0,24.19028377532959,0.15414959,OK
52.0,24.212496519088745,0.15254563,OK
52.0,24.232590436935425,0.15095788,OK
52.0,24.257812976837158,0.15219206,OK
52.0,24.27780032157898,0.15784015,OK
52.0,24.302603006362915,0.1555993,OK
52.0,24.332599401474,0.15220945,OK
52.0,24.352582693099976,0.1579228,OK
52.0,24.372578144073486,0.1623678,OK
52.0,24.4024875164032,0.15215364,OK
52.0,24.42248296737671,0.14592834,OK
52.0,24.44247317314148,0.11371412,OK
52.0,24.472455501556396,0.11197839,OK
43.0,24.490944623947144,0.12076461,OK
55.0,24.512787342071533,0.12518345,OK
55.0,24.537989854812622,0.12808254,OK
55.0,24.56203269958496,0.13615245,OK
55.0,24.58202314376831,0.1400982,OK
55.0,24.612493753433228,0.14268711,OK
55.0,24.632794618606567,0.15011214,OK
55.0,24.648019075393677,0.15450749,OK
43.0,24.682050943374634,0.16575387,OK
43.0,24.701580286026,0.1821809,OK
43.0,24.718948364257812,0.19841759,OK
43.0,24.73802661895752,0.2027101,OK
43.0,24.77192187309265,0.20507765,OK
43.0,24.79185128211975,0.14822891,OK
55.0,24.81018853187561,0.121728435,OK
55.0,24.842468738555908,0.12443315,OK
55.0,24.862464427947998,0.12822714,OK
55.0,24.88246464729309,0.13597983,OK
55.0,24.910269260406494,0.13512777,OK
55.0,24.929234743118286,0.14516234,OK
55.0,24.949223279953003,0.15309548,OK
43.0,24.979209899902344,0.15214373,OK
43.0,25.00027084350586,0.15579891,OK
43.0,25.02132296562195,0.17104305,OK
43.0,25.052088975906372,0.17744875,OK
43.0,25.072072744369507,0.18161665,OK
43.0,25.092060327529907,0.20032348,OK
43.0,25.121427297592163,0.1701467,OK
43.0,25.14019775390625,0.14249277,OK
55.0,25.160400867462158,0.12639073,OK
45.0,25.19017457962036,0.12845497,OK
53.0,25.212406158447266,0.13519849,OK
53.0,25.232396125793457,0.123629384,OK
53.0,25.262389421463013,0.13170083,OK
53.0,25.282368659973145,0.13083473,OK
53.0,25.302595376968384,0.13374633,OK
53.0,25.327577114105225,0.13515383,OK
53.0,25.352564811706543,0.14003235,OK
53.0,25.367555856704712,0.14413364,OK
53.0,25.40258288383484,0.1429711,OK
53.0,25.41757321357727,0.14947043,OK
53.0,25.437562465667725,0.15073349,OK
53.0,25.45756769180298,0.15513848,OK
53.0,25.49253511428833,0.15003102,OK
53.0,25.50797414779663,0.12343139,OK
53.0,25.52796506881714,0.11874724,OK
50.0,25.557924032211304,0.11520635,OK
50.0,25.57793664932251,0.11482259,OK
50.0,25.59794545173645,0.112790704,OK
50.0,25.62795090675354,0.12039895,OK
50.0,25.652899980545044,0.13034636,OK
50.0,25.667891263961792,0.12509911,OK
50.0,25.69788885116577,0.13483217,OK
50.0,25.71787405014038,0.1455726,OK
50.0,25.737860441207886,0.13524655,OK
50.0,25.767844676971436,0.1278287,OK
50.0,25.787872076034546,0.12722574,OK
50.0,25.80746078491211,0.09035836,OK
50.0,25.837446928024292,0.10193567,OK
62.0,25.857471704483032,0.1314187,OK
36.0,25.882423162460327,0.14518502,OK
48.0,25.907917261123657,0.15077549,OK
48.0,25.927906274795532,0.15858129,OK
48.0,25.94789695739746,0.1590744,OK
48.0,25.97788095474243,0.1543748,OK
48.0,25.99791646003723,0.1620002,OK
48.0,26.017934799194336,0.15609318,OK
48.0,26.04791831970215,0.16336423,OK
48.0,26.067910194396973,0.16072698,OK
48.0,26.08785915374756,0.16406892,OK
48.0,26.111199378967285,0.1791156,OK
48.0,26.13891577720642,0.17769061,OK
48.0,26.1588716506958,0.17566812,OK
48.0,26.17885994911194,0.18184845,OK
48.0,26.208886861801147,0.16486295,OK
48.0,26.228872060775757,0.12895069,OK
48.0,26.248897314071655,0.069852106,OK
48.0,26.278883934020996,0.013938573,Suspicious
48.0,26.301652193069458,0.0073617618,Suspicious
48.0,26.321599006652832,0.0056405948,Suspicious
48.0,26.35151982307434,0.00561373,Suspicious
48.0,26.37146520614624,0.0054594027,Suspicious
48.0,26.39240860939026,0.0063063917,Suspicious
48.0,26.421332836151123,0.0044419174,Suspicious
48.0,26.441279888153076,0.003665323,Suspicious
48.0,26.512089729309082,0.0032880423,Suspicious
